"0","tamaramorrison@hotmail.com","pbkdf2:sha256:260000$mHMLlbOirr0jwxyL$1ce7d55de7fe79e92a1b532eb444c89b02c9301476aea4680cd8eb4d408d71b0","Gary","Cross","7976 South Selby Lane
Hastings, MN 55033"
"1","martha10@hotmail.com","pbkdf2:sha256:260000$aqzlPnSpn8bBDa3b$7be2b7144fd7591093a15536d3893110ba8ef69dc2b1da0d25250841522e2c81","Denise","Thornton","42 Pheasant St.
Rocky Mount, NC 27804"
"2","deborah64@gmail.com","pbkdf2:sha256:260000$143SGB0BeVBgNFtB$fa7943ea715e039c6f756e75ccbde8a354057e61cad36c534efe6a89ec6bfd21","Jeanne","Green","84 Westminster Ave.
Natick, MA 01760"
"3","franklinjames@yahoo.com","pbkdf2:sha256:260000$klcdR7vzhF6PE8Sh$3d0d61a973648238e9080139ee27bea6c28ca6d81eccaad581e84cbebf5bdfb8","John","Hoffman","93 Race Drive
Jersey City, NJ 07302"
"4","samanthasims@yahoo.com","pbkdf2:sha256:260000$mF2Ty4jGHy7I4Dpr$bae2599528ba7c27d755398d0f55870fa0cae3e7eb71278274f9e0119224f91c","Timothy","Parker","7316 Brickell Lane
Dover, NH 03820"
